{"page":"Burmese(Padauk).Config","page_id":"46648531","share_type":"discussion","created":"2010-09-24T16:32:03-07:00","createdBy":"budidud","title":"can't create another translation page","description":"Hi,<br \/>\nI am encountering this ,<br \/>\nAfter created Config page, whenever creating for GUI and Scheduler, it goes to Config page.<br \/>\n<br \/>\nPlease advise me in this respect.<br \/>\n<br \/>\nThank you","replies":[{"user":"StPendl","created":"2010-09-24T22:55:12-07:00","body":"You named the configuration page only <tt>Burmese<\/tt>, instead of <strong>Burmese.Config<\/strong>.<br \/>\nI have now created the <strong>Burmese.GUI<\/strong> page for you."},{"user":"budidud","created":"2010-09-25T13:54:19-07:00","body":"Thank you.<br \/>\n<br \/>\n(Please take down those with scheduler as it is now officially retired.Oops - I too created the page and I enjoyed doing it. So easy)"},{"user":"StPendl","created":"2010-09-26T00:12:35-07:00","body":"Thanks for adding the translation.<br \/>\n<br \/>\nI will keep the scheduler translation, since it might come in handy in the future."}]}