{"page":"home","page_id":"32741603","share_type":"discussion","created":"2011-03-31T19:45:50-07:00","createdBy":"rsorelle","title":"command line options","description":"I would like to run in program with shutdown option in the task scheduler.  Is there a command line option that will force a shutdown after defrag","replies":[{"user":"StPendl","created":"2011-04-01T00:31:34-07:00","body":"There is no option to shutdown after processing, but you can do the following on Windows XP and higher.<br \/>\n<br \/>\n<!-- ws:start:WikiTextCodeRule:0:\n&lt;pre class=&quot;dos&quot;&gt;udefrag c: &amp;amp; shutdown -s&lt;\/pre&gt;\n -->\n<style type=\"text\/css\"><!--\n\/**\n * GeSHi (C) 2004 - 2007 Nigel McNie, 2007 - 2008 Benny Baumann\n * (http:\/\/qbnz.com\/highlighter\/ and http:\/\/geshi.org\/)\n *\/\n.dos  {font-family:monospace;}\n.dos .imp {font-weight: bold; color: red;}\n.dos .kw1 {color: #00b100; font-weight: bold;}\n.dos .kw2 {color: #000000; font-weight: bold;}\n.dos .kw3 {color: #b1b100; font-weight: bold;}\n.dos .kw4 {color: #0000ff; font-weight: bold;}\n.dos .co1 {color: #808080; font-style: italic;}\n.dos .co2 {color: #b100b1; font-style: italic;}\n.dos .co3 {color: #33cc33;}\n.dos .es0 {color: #ff0000; font-weight: bold;}\n.dos .sy0 {color: #33cc33;}\n.dos .sy1 {color: #33cc33;}\n.dos .st0 {color: #ff0000;}\n.dos .re0 {color: #b100b1; font-weight: bold;}\n.dos .re1 {color: #448844;}\n.dos .re2 {color: #448888;}\n.dos .re3 {color: #448888;}\n.dos span.xtra { display:block; }\n\n-->\n<\/style><pre class=\"dos\">udefrag c: <span class=\"sy0\">&amp;<\/span> shutdown -s<\/pre>\n\n<!-- ws:end:WikiTextCodeRule:0 --><br \/>\nThis will shutdown you system after udefrag has finished.<br \/>\n<br \/>\n---<br \/>\nStefan"}]}