{"page":"Russian.lng","page_id":"47775543","share_type":"discussion","created":"2013-01-13T11:09:16-08:00","createdBy":"corower","title":"file & sort options","description":"hi!<br \/>\nIMHO  -- actions menu is not quite the same to be named &quot;files&quot;.<br \/>\n<br \/>\nalso, decision not to translate &quot;sort by&quot; section seems quite questionable for me.","replies":[{"user":"corower","created":"2013-01-13T11:10:54-08:00","body":"\u0438 \u0441\u0440\u0430\u0437\u0443, \u0447\u0442\u043e \u0431\u044b \u0438\u0441\u043a\u043b\u044e\u0447\u0438\u0442\u044c \u0432\u043e\u043f\u0440\u043e\u0441\u044b -- \u0434\u0430, \u044f \u0432\u043b\u0430\u0434\u0435\u044e \u0440\u0443\u0441\u0441\u043a\u0438\u043c."},{"user":"StPendl","created":"2013-01-13T11:24:44-08:00","body":"Hi,<br \/>\n<br \/>\nyou can correct everything that needs to be corrected.<br \/>\n<br \/>\n--<br \/>\nStefan"},{"user":"corower","created":"2013-01-14T00:24:16-08:00","body":"there are at lease two more persons already involved in translation -- one is original author, other is the reviewer.  based on their names,  assume, they're both of russian origin, so i wanted to discuss the issues with them, probably there is a good reason, why something has not been done or has been done in specific way :)"},{"user":"StPendl","created":"2013-01-14T01:05:17-08:00","body":"I totally agree that the action menu is not to be translated as file.<br \/>\nThis translation is only done due to file being the first item on many menu bars.<br \/>\n<br \/>\nYou are not the first to mention that &quot;sort by&quot; is overkill for the sorting menu items, so this can be easily changed too.<br \/>\n<br \/>\nSince I am the person with the final responsibility, I can give you the permission to change this, since it makes even sense to me.<br \/>\n<br \/>\nI think the sorting menu nonsense is my fault, since I just took the preview items as is instead of simplifying them.<br \/>\n<br \/>\nI appreciate your concerns about this.<br \/>\n<br \/>\nI promise to better check the translation changes in the future.<br \/>\n<br \/>\nHave a nice day.<br \/>\n<br \/>\n--<br \/>\nStefan"}]}