{"page":"home","page_id":"32741603","share_type":"discussion","created":"2011-10-15T03:29:11-07:00","createdBy":"Grzegorz_B","title":"Fixed defragmentation","description":"Jakich nale\u017cy u\u017cy\u0107 komend, aby uruchomi\u0107 sta\u0142\u0105 defragmentacje partycji C? Defragmentacja dysko raz w miesi\u0105cu. Prosz\u0119 o pomoc. Grzegorz<br \/>\n<br \/>\nWhich command should be used to run the defragmentation constant C partition? Defragmentation disco once a month. Please help. Gregory","replies":[{"user":"StPendl","created":"2011-10-15T04:23:16-07:00","body":"You set up the task scheduler to run &quot;udefrag C:&quot; every month, that is basically all.<br \/>\n<br \/>\nYou may run &quot;boot-on&quot; too, so you enable boot time processing and change the boot time script accordingly.<br \/>\n<br \/>\n---<br \/>\nStefan"},{"user":"Grzegorz_B","created":"2011-10-15T14:21:55-07:00","body":"I want a more precisely specified. Point by point;-) As for the schedule of what process is to start? I do not know exactly to IT."},{"user":"StPendl","created":"2011-10-16T06:02:56-07:00","body":"OK, so you want a step-by-step tutorial.<br \/>\n<br \/>\n<ul><li>Have you already looked at the <a class=\"wiki_link\" href=\"\/Task.Scheduler.Tutorials\">Task Scheduler Tutorials<\/a> here?<\/li><li>What was not clear?<\/li><li>What Windows version do you use?<\/li><\/ul>---<br \/>\nStefan"},{"user":"Grzegorz_B","created":"2011-10-16T07:03:30-07:00","body":"Well, in this way will run the same program. And what do I do that the program will run in the background and the background to work without my knowledge?"},{"user":"StPendl","created":"2011-10-16T07:37:43-07:00","body":"If you do not like to see the console window, you can use the following command line:<br \/>\n<br \/>\n<!-- ws:start:WikiTextCodeRule:0:\n&lt;pre class=&quot;dos&quot;&gt;%ComSpec% \/c start &amp;quot;&amp;quot; \/b udefrag.exe C:&lt;\/pre&gt;\n -->\n<style type=\"text\/css\"><!--\n\/**\n * GeSHi (C) 2004 - 2007 Nigel McNie, 2007 - 2008 Benny Baumann\n * (http:\/\/qbnz.com\/highlighter\/ and http:\/\/geshi.org\/)\n *\/\n.dos  {font-family:monospace;}\n.dos .imp {font-weight: bold; color: red;}\n.dos .kw1 {color: #00b100; font-weight: bold;}\n.dos .kw2 {color: #000000; font-weight: bold;}\n.dos .kw3 {color: #b1b100; font-weight: bold;}\n.dos .kw4 {color: #0000ff; font-weight: bold;}\n.dos .co1 {color: #808080; font-style: italic;}\n.dos .co2 {color: #b100b1; font-style: italic;}\n.dos .co3 {color: #33cc33;}\n.dos .es0 {color: #ff0000; font-weight: bold;}\n.dos .sy0 {color: #33cc33;}\n.dos .sy1 {color: #33cc33;}\n.dos .st0 {color: #ff0000;}\n.dos .re0 {color: #b100b1; font-weight: bold;}\n.dos .re1 {color: #448844;}\n.dos .re2 {color: #448888;}\n.dos .re3 {color: #448888;}\n.dos span.xtra { display:block; }\n\n-->\n<\/style><pre class=\"dos\"><span class=\"sy0\">%<\/span><span class=\"re3\">ComSpec<\/span><span class=\"sy0\">%<\/span> \/c start &quot;&quot; \/b udefrag.exe C:<\/pre>\n\n<!-- ws:end:WikiTextCodeRule:0 -->---<br \/>\nStefan"}]}