{"page":"Iloko.lng","page_id":"60530392","share_type":"discussion","created":"2011-03-22T05:08:05-07:00","createdBy":"joemaza","title":"Iloko","description":"The name of this page needs to be reverted back to &quot;Iloko&quot; since the language is NOT a dialect of Tagalog. The use of Filipino (Iloko) is incorrect.<br \/>\n<br \/>\n&quot;Filipino (Tagalog)&quot; is correct in that at times the two terms are intechangeable.","replies":[{"user":"StPendl","created":"2011-03-23T03:00:54-07:00","body":"According to <a class=\"wiki_link_ext\" href=\"http:\/\/www.loc.gov\/standards\/iso639-2\/php\/code_list.php\" rel=\"nofollow\">ISO 639-2 Language Code List - Codes for the representation of names of languages (Library of Congress)<\/a> , Wikipedia is wrong about the official English name.<br \/>\n<br \/>\nI will apply the change as requested.<br \/>\n<br \/>\nThanks for clarifying,<br \/>\nStefan"}]}