{"page":"Indonesian (Bahasa Indonesia).lng","page_id":"47780845","share_type":"discussion","created":"2011-08-05T23:50:32-07:00","createdBy":"StPendl","title":"Please check the existing translation first","description":"Hello Taufan,<br \/>\n<br \/>\nWould you mind checking what the difference between your translation and the current one is?<br \/>\n<br \/>\nYou can access the current translation at <a class=\"wiki_link\" href=\"\/Indonesian.lng\">Indonesian.lng<\/a>.<br \/>\n<br \/>\nThanks in advance,<br \/>\nStefan","replies":[{"user":"mizu030691","created":"2011-08-08T22:18:17-07:00","body":"The version of the language and structure, like English(UK) and English(US). May you can change the name of it with &quot;Bahasa Indonesia&quot;.<br \/>\n<br \/>\nThanks,<br \/>\nTaufan"}]}