{"page":"Submitting new Translations","page_id":"33596221","share_type":"discussion","created":"2010-09-24T16:00:23-07:00","createdBy":"budidud","title":"scheduler executive missing","description":"Hi <br \/>\nI downloaded your latest installed one and scheduler is missing.<br \/>\nThis is a download link, <!-- ws:start:WikiTextUrlRule:4:http:\/\/transact.dl.sourceforge.net\/project\/ultradefrag\/ultradefrag\/ultradefrag-4.4.0\/ultradefrag-4.4.0.bin.i386.exe --><a class=\"wiki_link_ext\" href=\"http:\/\/transact.dl.sourceforge.net\/project\/ultradefrag\/ultradefrag\/ultradefrag-4.4.0\/ultradefrag-4.4.0.bin.i386.exe\" rel=\"nofollow\">http:\/\/transact.dl.sourceforge.net\/project\/ultradefrag\/ultradefrag\/ultradefrag-4.4.0\/ultradefrag-4.4.0.bin.i386.exe<\/a><!-- ws:end:WikiTextUrlRule:4 --><br \/>\nfile size  349kb <br \/>\nPlease advise me.","replies":[{"user":"StPendl","created":"2010-09-24T22:57:48-07:00","body":"The scheduler has been retired, since everyone has the Windows scheduling services installed.<br \/>\nThere would have been many hours of coding needed to make it as feature rich, which would have been missing for the main part of the defragmentation utility."}]}