{"page":"English (US).Task Scheduler.WinXP","page_id":"37482835","share_type":"discussion","created":"2010-08-01T15:52:50-07:00","createdBy":"termant","title":"Variable %often_accessed_folders%","description":"Where comes this environmental variable %often_accessed_folders%?","replies":[{"user":"StPendl","created":"2010-08-02T00:11:15-07:00","body":"This is only a placeholder, you will have to define this variable on your own, if you like to use it or list the folders directly.<br \/>\n<br \/>\n---<br \/>\nStefan"}]}